n,edges,density,dijkstra_s,prim_s,bellman_ford_s
100,1202,0.12141414141414142,0.0005301999917719513,0.0007281999860424548,0.0011303999926894903
500,6004,0.024064128256513027,0.0019749999919440597,0.004476100002648309,0.008976600016467273
1000,12004,0.012016016016016016,0.004741999990073964,0.010073900019051507,0.03205850001540966
2000,24006,0.006004502251125563,0.010249200015095994,0.022921600000699982,0.08760299999266863
