k,n,edges,density,dijkstra_s,prim_s,bellman_ford_s
3,500,3024,0.012120240480961924,0.001304199977312237,0.001888600003439933,0.00586720000137575
6,500,6004,0.024064128256513027,0.0021628000249620527,0.0045609999797306955,0.008642000000691041
12,500,12002,0.04810420841683367,0.0036115999973844737,0.011695399996824563,0.016062999988207594
25,500,25000,0.10020040080160321,0.005746499984525144,0.02639909999561496,0.028687400015769526
50,500,50000,0.20040080160320642,0.012554799992358312,0.05736180001986213,0.05464620000566356
100,500,100000,0.40080160320641284,0.024397100001806393,0.11319599999114871,0.08558700000867248
