n,dp_s,brute_force_s
100,9.620000491850078e-05,
1000,0.00133940001251176,
10000,0.017713199980789796,
100000,0.27083520000451244,
15,2.5899993488565087e-05,0.012865199998486787
18,2.8400012524798512e-05,0.09444720001192763
20,2.7000001864507794e-05,0.38058120000641793
22,5.339999916031957e-05,1.6392238000116777
24,3.259998629800975e-05,6.287151800002903
