n,warnsdorff_s,warnsdorff_calls,plain_s,plain_calls
5,0.00017490002210251987,25,0.013553400000091642,8840
6,0.00024250001297332346,36,0.363830299989786,248169
7,0.000298700004350394,49,,
8,0.0004181999829597771,64,,
10,0.0006674999895039946,100,,
12,0.0010252999782096595,144,,
15,0.0038438999908976257,225,,
20,0.006429100001696497,400,,
