n,greedy_s,brute_force_s
10,2.169999061152339e-05,1.3499986380338669e-05
50,5.09000092279166e-05,0.00013899998157285154
100,7.599999662488699e-05,0.0004914999881293625
500,0.0003896999987773597,0.012080100015737116
1000,0.0008049999887589365,0.05211259998031892
5000,0.003735600010259077,1.2918235000106506
10000,0.008356500009540468,
