n,BST_random_height,BST_sorted_height,AVL_height,ideal_log2n
100,13,100,8,6.658211482751795
1000,21,1000,12,9.967226258835993
10000,33,10000,16,13.287856641840545
